<?xml version="1.0" encoding="UTF-8"?>
<metadata xml:lang="es"><Esri><CreaDate>20150331</CreaDate><CreaTime>15080900</CreaTime><ArcGISFormat>1.0</ArcGISFormat><ArcGISstyle>XTools Pro Metadata</ArcGISstyle><SyncOnce>FALSE</SyncOnce><DataProperties><itemProps><itemName Sync="TRUE">DISTRITO_16_03_2015</itemName><imsContentType Sync="TRUE">002</imsContentType><itemLocation><linkage Sync="TRUE">file://\\SANGULO\DEMARCACION_TERRITORIAL\PROV_PADRE_ABAD\shape_final\DISTRITO_16_03_2015.shp</linkage><protocol Sync="TRUE">Local Area Network</protocol></itemLocation><itemSize Sync="TRUE">0.000</itemSize></itemProps><coordRef><type Sync="TRUE">Geographic</type><geogcsn Sync="TRUE">GCS_WGS_1984</geogcsn><peXml Sync="TRUE">&lt;GeographicCoordinateSystem xsi:type='typens:GeographicCoordinateSystem' xmlns:xsi='http://www.w3.org/2001/XMLSchema-instance' xmlns:xs='http://www.w3.org/2001/XMLSchema' xmlns:typens='http://www.esri.com/schemas/ArcGIS/10.1'&gt;&lt;WKT&gt;GEOGCS[&amp;quot;GCS_WGS_1984&amp;quot;,DATUM[&amp;quot;D_WGS_1984&amp;quot;,SPHEROID[&amp;quot;WGS_1984&amp;quot;,6378137.0,298.257223563]],PRIMEM[&amp;quot;Greenwich&amp;quot;,0.0],UNIT[&amp;quot;Degree&amp;quot;,0.0174532925199433],AUTHORITY[&amp;quot;EPSG&amp;quot;,4326]]&lt;/WKT&gt;&lt;XOrigin&gt;-400&lt;/XOrigin&gt;&lt;YOrigin&gt;-400&lt;/YOrigin&gt;&lt;XYScale&gt;11258999068426.238&lt;/XYScale&gt;&lt;ZOrigin&gt;-100000&lt;/ZOrigin&gt;&lt;ZScale&gt;10000&lt;/ZScale&gt;&lt;MOrigin&gt;-100000&lt;/MOrigin&gt;&lt;MScale&gt;10000&lt;/MScale&gt;&lt;XYTolerance&gt;8.983152841195215e-009&lt;/XYTolerance&gt;&lt;ZTolerance&gt;0.001&lt;/ZTolerance&gt;&lt;MTolerance&gt;0.001&lt;/MTolerance&gt;&lt;HighPrecision&gt;true&lt;/HighPrecision&gt;&lt;LeftLongitude&gt;-180&lt;/LeftLongitude&gt;&lt;WKID&gt;4326&lt;/WKID&gt;&lt;LatestWKID&gt;4326&lt;/LatestWKID&gt;&lt;/GeographicCoordinateSystem&gt;</peXml><csUnits Sync="TRUE">Angular Unit: Degree (0.017453)</csUnits></coordRef><lineage><Process ToolSource="C:\Program Files (x86)\ArcGIS\Desktop10.0\ArcToolbox\Toolboxes\Conversion Tools.tbx\FeatureClassToFeatureClass" Date="20131205" Time="092518">FeatureClassToFeatureClass DISTRITO_2013 "D:\CESAR MALDONADO\LIMITES_2013\GEODATABASE_OCT_2013\LIMITES_2013.mdb\OCT2013" DISTRITO_2013 # "IDDPTO "IDDPTO" true true false 2 Text 0 0 ,First,#,D:\CESAR MALDONADO\LIMITES_2013\SHAPE_OCT_2013\DISTRITO_2013.shp,IDDPTO,-1,-1;NOMBDEP "NOMBDEP" true true false 25 Text 0 0 ,First,#,D:\CESAR MALDONADO\LIMITES_2013\SHAPE_OCT_2013\DISTRITO_2013.shp,NOMBDEP,-1,-1;IDPROV "IDPROV" true true false 4 Text 0 0 ,First,#,D:\CESAR MALDONADO\LIMITES_2013\SHAPE_OCT_2013\DISTRITO_2013.shp,IDPROV,-1,-1;NOMBPROV "NOMBPROV" true true false 40 Text 0 0 ,First,#,D:\CESAR MALDONADO\LIMITES_2013\SHAPE_OCT_2013\DISTRITO_2013.shp,NOMBPROV,-1,-1;IDDIST "IDDIST" true true false 8 Text 0 0 ,First,#,D:\CESAR MALDONADO\LIMITES_2013\SHAPE_OCT_2013\DISTRITO_2013.shp,IDDIST,-1,-1;NOMBDIST "NOMBDIST" true true false 50 Text 0 0 ,First,#,D:\CESAR MALDONADO\LIMITES_2013\SHAPE_OCT_2013\DISTRITO_2013.shp,NOMBDIST,-1,-1;DCTO "DCTO" true true false 6 Text 0 0 ,First,#,D:\CESAR MALDONADO\LIMITES_2013\SHAPE_OCT_2013\DISTRITO_2013.shp,DCTO,-1,-1;LEY "LEY" true true false 6 Text 0 0 ,First,#,D:\CESAR MALDONADO\LIMITES_2013\SHAPE_OCT_2013\DISTRITO_2013.shp,LEY,-1,-1;FECHA "FECHA" true true false 12 Text 0 0 ,First,#,D:\CESAR MALDONADO\LIMITES_2013\SHAPE_OCT_2013\DISTRITO_2013.shp,FECHA,-1,-1;NOM_CAP "NOM_CAP" true true false 40 Text 0 0 ,First,#,D:\CESAR MALDONADO\LIMITES_2013\SHAPE_OCT_2013\DISTRITO_2013.shp,NOM_CAP,-1,-1;SUP_CONTIN "SUP_CONTIN" true true false 19 Double 0 0 ,First,#,D:\CESAR MALDONADO\LIMITES_2013\SHAPE_OCT_2013\DISTRITO_2013.shp,SUP_CONTIN,-1,-1;SUP_INSULA "SUP_INSULA" true true false 19 Double 0 0 ,First,#,D:\CESAR MALDONADO\LIMITES_2013\SHAPE_OCT_2013\DISTRITO_2013.shp,SUP_INSULA,-1,-1;SUP_LACUST "SUP_LACUST" true true false 19 Double 0 0 ,First,#,D:\CESAR MALDONADO\LIMITES_2013\SHAPE_OCT_2013\DISTRITO_2013.shp,SUP_LACUST,-1,-1;SUP_INS_D "SUP_INS_D" true true false 19 Double 0 0 ,First,#,D:\CESAR MALDONADO\LIMITES_2013\SHAPE_OCT_2013\DISTRITO_2013.shp,SUP_INS_D,-1,-1" #</Process><Process ToolSource="C:\Program Files (x86)\ArcGIS\Desktop10.0\ArcToolbox\Toolboxes\Data Management Tools.tbx\CalculateField" Date="20131205" Time="095537">CalculateField DISTRITO_2013 NOMBPROV "NASCA" VB #</Process><Process ToolSource="C:\Program Files (x86)\ArcGIS\Desktop10.0\ArcToolbox\Toolboxes\Data Management Tools.tbx\CalculateField" Date="20131205" Time="095545">CalculateField DISTRITO_2013 NOMBDIST "NASCA" VB #</Process><Process ToolSource="c:\program files (x86)\arcgis\desktop10.2\ArcToolbox\Toolboxes\Data Management Tools.tbx\CalculateField" Date="20131209" Time="111511">CalculateField DISTRITO_2013 NOM_CAP "NASCA" VB #</Process><Process ToolSource="c:\program files (x86)\arcgis\desktop10.2\ArcToolbox\Toolboxes\Data Management Tools.tbx\CalculateField" Date="20140527" Time="151052">CalculateField DISTRITO_22_05_2014 SUP_CONTIN "127.51" VB #</Process><Process ToolSource="c:\program files (x86)\arcgis\desktop10.2\ArcToolbox\Toolboxes\Data Management Tools.tbx\CalculateField" Date="20140530" Time="102922">CalculateField DISTRITO_30_05_2014 NOMBPROV "PUTUMAYO" VB #</Process><Process ToolSource="c:\program files (x86)\arcgis\desktop10.2\ArcToolbox\Toolboxes\Data Management Tools.tbx\CalculateField" Date="20140530" Time="102941">CalculateField DISTRITO_30_05_2014 IDPROV "1608" VB #</Process><Process ToolSource="c:\program files (x86)\arcgis\desktop10.2\ArcToolbox\Toolboxes\Data Management Tools.tbx\CalculateField" Date="20140617" Time="095700">CalculateField DISTRITO_01_06_2014 NOM_CAP "NUEVA MOROCOCHA" VB #</Process><Process ToolSource="c:\program files (x86)\arcgis\desktop10.2\ArcToolbox\Toolboxes\Data Management Tools.tbx\CalculateField" Date="20140805" Time="095731">CalculateField DISTRITO_11_07_2014 AÑO Left( [FECHA],4 ) VB #</Process><Process ToolSource="c:\program files (x86)\arcgis\desktop10.2\ArcToolbox\Toolboxes\Data Management Tools.tbx\CalculateField" Date="20140805" Time="095744">CalculateField DISTRITO_11_07_2014 AÑO Right( [FECHA],4 ) VB #</Process><Process ToolSource="c:\program files (x86)\arcgis\desktop10.2\ArcToolbox\Toolboxes\Conversion Tools.tbx\FeatureClassToFeatureClass" Date="20140806" Time="123145">FeatureClassToFeatureClass DISTRITO_06_08_2014 "D:\CESAR MALDONADO\LIMITES 2014\LIMITE 06 AGOSTO\LIMITE2014.mdb\WGS84" DISTRITO_06_08_2014 # "IDDPTO "IDDPTO" true true false 2 Text 0 0 ,First,#,DISTRITO_06_08_2014,IDDPTO,-1,-1;NOMBDEP "NOMBDEP" true true false 25 Text 0 0 ,First,#,DISTRITO_06_08_2014,NOMBDEP,-1,-1;IDPROV "IDPROV" true true false 4 Text 0 0 ,First,#,DISTRITO_06_08_2014,IDPROV,-1,-1;NOMBPROV "NOMBPROV" true true false 40 Text 0 0 ,First,#,DISTRITO_06_08_2014,NOMBPROV,-1,-1;IDDIST "IDDIST" true true false 8 Text 0 0 ,First,#,DISTRITO_06_08_2014,IDDIST,-1,-1;NOMBDIST "NOMBDIST" true true false 50 Text 0 0 ,First,#,DISTRITO_06_08_2014,NOMBDIST,-1,-1;DCTO "DCTO" true true false 6 Text 0 0 ,First,#,DISTRITO_06_08_2014,DCTO,-1,-1;LEY "LEY" true true false 6 Text 0 0 ,First,#,DISTRITO_06_08_2014,LEY,-1,-1;FECHA "FECHA" true true false 12 Text 0 0 ,First,#,DISTRITO_06_08_2014,FECHA,-1,-1;NOM_CAP "NOM_CAP" true true false 40 Text 0 0 ,First,#,DISTRITO_06_08_2014,NOM_CAP,-1,-1;SUP_CONTIN "SUP_CONTIN" true true false 19 Double 0 0 ,First,#,DISTRITO_06_08_2014,SUP_CONTIN,-1,-1;SUP_INSULA "SUP_INSULA" true true false 19 Double 0 0 ,First,#,DISTRITO_06_08_2014,SUP_INSULA,-1,-1;SUP_LACUST "SUP_LACUST" true true false 19 Double 0 0 ,First,#,DISTRITO_06_08_2014,SUP_LACUST,-1,-1;SUP_INS_D "SUP_INS_D" true true false 19 Double 0 0 ,First,#,DISTRITO_06_08_2014,SUP_INS_D,-1,-1" #</Process><Process ToolSource="c:\program files (x86)\arcgis\desktop10.2\ArcToolbox\Toolboxes\Data Management Tools.tbx\CalculateField" Date="20140807" Time="083558">CalculateField DISTRITO_06_08_2014 SUP_CONTIN "172.34" VB #</Process><Process ToolSource="c:\program files (x86)\arcgis\desktop10.2\ArcToolbox\Toolboxes\Data Management Tools.tbx\CalculateField" Date="20140807" Time="083931">CalculateField DISTRITO_06_08_2014 SUP_CONTIN "408.66" VB #</Process><Process ToolSource="c:\program files (x86)\arcgis\desktop10.2\ArcToolbox\Toolboxes\Data Management Tools.tbx\CalculateField" Date="20150114" Time="175509">CalculateField DISTRITO_02_12_2014 UBIGEO [IDDIST] VB #</Process><Process ToolSource="c:\program files (x86)\arcgis\desktop10.2\ArcToolbox\Toolboxes\Data Management Tools.tbx\Merge" Date="20150331" Time="112036">Merge DIST1;PADRE_ABAD_GRUPO F:\DEMARCACION_TERRITORIAL\PROV_PADRE_ABAD\SHAPE\SHAPE_POLIGONO\DIST2.shp "IDDPTO "IDDPTO" true true false 2 Text 0 0 ,First,#,DIST1,IDDPTO,-1,-1,PADRE_ABAD_GRUPO,IDDPTO,-1,-1;NOMBDEP "NOMBDEP" true true false 25 Text 0 0 ,First,#,DIST1,NOMBDEP,-1,-1,PADRE_ABAD_GRUPO,NOMBDEP,-1,-1;IDPROV "IDPROV" true true false 4 Text 0 0 ,First,#,DIST1,IDPROV,-1,-1,PADRE_ABAD_GRUPO,IDPROV,-1,-1;NOMBPROV "NOMBPROV" true true false 40 Text 0 0 ,First,#,DIST1,NOMBPROV,-1,-1,PADRE_ABAD_GRUPO,NOMBPROV,-1,-1;IDDIST "IDDIST" true true false 8 Text 0 0 ,First,#,DIST1,IDDIST,-1,-1,PADRE_ABAD_GRUPO,IDDIST,-1,-1;NOMBDIST "NOMBDIST" true true false 50 Text 0 0 ,First,#,DIST1,NOMBDIST,-1,-1,PADRE_ABAD_GRUPO,NOMBDIST,-1,-1;DCTO "DCTO" true true false 6 Text 0 0 ,First,#,DIST1,DCTO,-1,-1,PADRE_ABAD_GRUPO,DCTO,-1,-1;LEY "LEY" true true false 6 Text 0 0 ,First,#,DIST1,LEY,-1,-1,PADRE_ABAD_GRUPO,LEY,-1,-1;FECHA "FECHA" true true false 12 Text 0 0 ,First,#,DIST1,FECHA,-1,-1,PADRE_ABAD_GRUPO,FECHA,-1,-1;NOM_CAP "NOM_CAP" true true false 40 Text 0 0 ,First,#,DIST1,NOM_CAP,-1,-1,PADRE_ABAD_GRUPO,NOM_CAP,-1,-1;SUP_CONTIN "SUP_CONTIN" true true false 19 Double 0 0 ,First,#,DIST1,SUP_CONTIN,-1,-1,PADRE_ABAD_GRUPO,SUP_CONTIN,-1,-1;SUP_INSULA "SUP_INSULA" true true false 19 Double 0 0 ,First,#,DIST1,SUP_INSULA,-1,-1,PADRE_ABAD_GRUPO,SUP_INSULA,-1,-1;SUP_LACUST "SUP_LACUST" true true false 19 Double 0 0 ,First,#,DIST1,SUP_LACUST,-1,-1,PADRE_ABAD_GRUPO,SUP_LACUST,-1,-1;SUP_INS_D "SUP_INS_D" true true false 19 Double 0 0 ,First,#,DIST1,SUP_INS_D,-1,-1,PADRE_ABAD_GRUPO,SUP_INS_D,-1,-1"</Process><Process ToolSource="c:\program files (x86)\arcgis\desktop10.2\ArcToolbox\Toolboxes\Data Management Tools.tbx\CalculateField" Date="20150331" Time="124556">CalculateField NUEVA SUP_CONTIN 0 VB #</Process><Process ToolSource="c:\program files (x86)\arcgis\desktop10.2\ArcToolbox\Toolboxes\Data Management Tools.tbx\CalculateField" Date="20150409" Time="161722">CalculateField DIST_NUE UBIGEO [IDDIST] VB #</Process><Process ToolSource="c:\program files (x86)\arcgis\desktop10.2\ArcToolbox\Toolboxes\Data Management Tools.tbx\Merge" Date="20150409" Time="164229">Merge DIST_NUE;DISTRITO F:\DEMARCACION_TERRITORIAL\PROV_PADRE_ABAD\shape_final\DISTRITO_16_03_2015.shp "IDDPTO "IDDPTO" true true false 2 Text 0 0 ,First,#,DIST_NUE,IDDPTO,-1,-1,DISTRITO,IDDPTO,-1,-1;NOMBDEP "NOMBDEP" true true false 25 Text 0 0 ,First,#,DIST_NUE,NOMBDEP,-1,-1,DISTRITO,NOMBDEP,-1,-1;IDPROV "IDPROV" true true false 4 Text 0 0 ,First,#,DIST_NUE,IDPROV,-1,-1,DISTRITO,IDPROV,-1,-1;NOMBPROV "NOMBPROV" true true false 40 Text 0 0 ,First,#,DIST_NUE,NOMBPROV,-1,-1,DISTRITO,NOMBPROV,-1,-1;IDDIST "IDDIST" true true false 8 Text 0 0 ,First,#,DIST_NUE,IDDIST,-1,-1,DISTRITO,IDDIST,-1,-1;NOMBDIST "NOMBDIST" true true false 50 Text 0 0 ,First,#,DIST_NUE,NOMBDIST,-1,-1,DISTRITO,NOMBDIST,-1,-1;DCTO "DCTO" true true false 6 Text 0 0 ,First,#,DIST_NUE,DCTO,-1,-1,DISTRITO,DCTO,-1,-1;LEY "LEY" true true false 6 Text 0 0 ,First,#,DIST_NUE,LEY,-1,-1,DISTRITO,LEY,-1,-1;FECHA "FECHA" true true false 12 Text 0 0 ,First,#,DIST_NUE,FECHA,-1,-1,DISTRITO,FECHA,-1,-1;NOM_CAP "NOM_CAP" true true false 40 Text 0 0 ,First,#,DIST_NUE,NOM_CAP,-1,-1,DISTRITO,NOM_CAP,-1,-1;SUP_CONTIN "SUP_CONTIN" true true false 19 Double 0 0 ,First,#,DIST_NUE,SUP_CONTIN,-1,-1,DISTRITO,SUP_CONTIN,-1,-1;SUP_INSULA "SUP_INSULA" true true false 19 Double 0 0 ,First,#,DIST_NUE,SUP_INSULA,-1,-1,DISTRITO,SUP_INSULA,-1,-1;SUP_LACUST "SUP_LACUST" true true false 19 Double 0 0 ,First,#,DIST_NUE,SUP_LACUST,-1,-1,DISTRITO,SUP_LACUST,-1,-1;SUP_INS_D "SUP_INS_D" true true false 19 Double 0 0 ,First,#,DIST_NUE,SUP_INS_D,-1,-1,DISTRITO,SUP_INS_D,-1,-1;UBIGEO "UBIGEO" true true false 6 Text 0 0 ,First,#,DIST_NUE,UBIGEO,-1,-1,DISTRITO,UBIGEO,-1,-1"</Process></lineage><copyHistory><copy source="D:\bases\2014\LIMITE DICIEMBRE 2014\DISTRITO_28_12_2014" dest="\\SANGULO\DEMARCACION_TERRITORIAL\SHAPE DE LIMITES\LIMITE DICIEMBRE 2014\28_12_2014\DISTRITO_28_12_2014" date="20150124" time="10381900"></copy></copyHistory></DataProperties><SyncDate>20150409</SyncDate><SyncTime>16422900</SyncTime><ModDate>20150409</ModDate><ModTime>16422900</ModTime></Esri><dataIdInfo><envirDesc Sync="TRUE">Microsoft Windows 7 Version 6.1 (Build 7601) Service Pack 1; Esri ArcGIS 10.2.2.3552</envirDesc><dataLang><languageCode value="spa" country="ESP"></languageCode><countryCode value="PER" Sync="TRUE"></countryCode></dataLang><idCitation><resTitle Sync="TRUE">DISTRITO_16_03_2015</resTitle><presForm><PresFormCd value="005"></PresFormCd></presForm></idCitation><descKeys><thesaName uuidref="723f6998-058e-11dc-8314-0800200c9a66"></thesaName><keyword Sync="TRUE">002</keyword></descKeys><spatRpType><SpatRepTypCd value="001"></SpatRepTypCd></spatRpType></dataIdInfo><mdLang><languageCode value="spa"></languageCode><countryCode value="PER" Sync="TRUE"></countryCode></mdLang><distInfo><distFormat><formatName Sync="TRUE">Shapefile</formatName></distFormat><distTranOps><transSize Sync="TRUE">0.000</transSize></distTranOps></distInfo><mdHrLv><ScopeCd value="005"></ScopeCd></mdHrLv><mdHrLvName Sync="TRUE">dataset</mdHrLvName><refSysInfo><RefSystem><refSysID><identCode code="4326"></identCode><idCodeSpace Sync="TRUE">EPSG</idCodeSpace><idVersion Sync="TRUE">8.2.6</idVersion></refSysID></RefSystem></refSysInfo><spdoinfo><ptvctinf><esriterm Name="DISTRITO_16_03_2015"><efeatyp Sync="TRUE">Simple</efeatyp><efeageom code="4" Sync="TRUE"></efeageom><esritopo Sync="TRUE">FALSE</esritopo><efeacnt Sync="TRUE">0</efeacnt><spindex Sync="TRUE">TRUE</spindex><linrefer Sync="TRUE">FALSE</linrefer></esriterm></ptvctinf></spdoinfo><spatRepInfo><VectSpatRep><geometObjs Name="DISTRITO_16_03_2015"><geoObjTyp><GeoObjTypCd value="002" Sync="TRUE"></GeoObjTypCd></geoObjTyp><geoObjCnt Sync="TRUE">0</geoObjCnt></geometObjs><topLvl><TopoLevCd value="001" Sync="TRUE"></TopoLevCd></topLvl></VectSpatRep></spatRepInfo><eainfo><detailed Name="DISTRITO_16_03_2015"><enttyp><enttypl Sync="TRUE">DISTRITO_16_03_2015</enttypl><enttypt Sync="TRUE">Feature Class</enttypt><enttypc Sync="TRUE">0</enttypc></enttyp><attr><attrlabl Sync="TRUE">FID</attrlabl><attalias Sync="TRUE">FID</attalias><attrtype Sync="TRUE">OID</attrtype><attwidth Sync="TRUE">4</attwidth><atprecis Sync="TRUE">0</atprecis><attscale Sync="TRUE">0</attscale><attrdef Sync="TRUE">Internal feature number.</attrdef><attrdefs Sync="TRUE">Esri</attrdefs><attrdomv><udom Sync="TRUE">Sequential unique whole numbers that are automatically generated.</udom></attrdomv></attr><attr><attrlabl Sync="TRUE">Shape</attrlabl><attalias Sync="TRUE">Shape</attalias><attrtype Sync="TRUE">Geometry</attrtype><attwidth Sync="TRUE">0</attwidth><atprecis Sync="TRUE">0</atprecis><attscale Sync="TRUE">0</attscale><attrdef Sync="TRUE">Feature geometry.</attrdef><attrdefs Sync="TRUE">ESRI</attrdefs><attrdomv><udom Sync="TRUE">Coordinates defining the features.</udom></attrdomv></attr><attr><attrlabl Sync="TRUE">IDDPTO</attrlabl><attalias Sync="TRUE">IDDPTO</attalias><attrtype Sync="TRUE">String</attrtype><attwidth Sync="TRUE">2</attwidth><atprecis Sync="TRUE">0</atprecis><attscale Sync="TRUE">0</attscale></attr><attr><attrlabl Sync="TRUE">NOMBDEP</attrlabl><attalias Sync="TRUE">NOMBDEP</attalias><attrtype Sync="TRUE">String</attrtype><attwidth Sync="TRUE">25</attwidth><atprecis Sync="TRUE">0</atprecis><attscale Sync="TRUE">0</attscale></attr><attr><attrlabl Sync="TRUE">IDPROV</attrlabl><attalias Sync="TRUE">IDPROV</attalias><attrtype Sync="TRUE">String</attrtype><attwidth Sync="TRUE">4</attwidth><atprecis Sync="TRUE">0</atprecis><attscale Sync="TRUE">0</attscale></attr><attr><attrlabl Sync="TRUE">NOMBPROV</attrlabl><attalias Sync="TRUE">NOMBPROV</attalias><attrtype Sync="TRUE">String</attrtype><attwidth Sync="TRUE">40</attwidth><atprecis Sync="TRUE">0</atprecis><attscale Sync="TRUE">0</attscale></attr><attr><attrlabl Sync="TRUE">IDDIST</attrlabl><attalias Sync="TRUE">IDDIST</attalias><attrtype Sync="TRUE">String</attrtype><attwidth Sync="TRUE">8</attwidth><atprecis Sync="TRUE">0</atprecis><attscale Sync="TRUE">0</attscale></attr><attr><attrlabl Sync="TRUE">NOMBDIST</attrlabl><attalias Sync="TRUE">NOMBDIST</attalias><attrtype Sync="TRUE">String</attrtype><attwidth Sync="TRUE">50</attwidth><atprecis Sync="TRUE">0</atprecis><attscale Sync="TRUE">0</attscale></attr><attr><attrlabl Sync="TRUE">DCTO</attrlabl><attalias Sync="TRUE">DCTO</attalias><attrtype Sync="TRUE">String</attrtype><attwidth Sync="TRUE">6</attwidth><atprecis Sync="TRUE">0</atprecis><attscale Sync="TRUE">0</attscale></attr><attr><attrlabl Sync="TRUE">LEY</attrlabl><attalias Sync="TRUE">LEY</attalias><attrtype Sync="TRUE">String</attrtype><attwidth Sync="TRUE">6</attwidth><atprecis Sync="TRUE">0</atprecis><attscale Sync="TRUE">0</attscale></attr><attr><attrlabl Sync="TRUE">FECHA</attrlabl><attalias Sync="TRUE">FECHA</attalias><attrtype Sync="TRUE">String</attrtype><attwidth Sync="TRUE">12</attwidth><atprecis Sync="TRUE">0</atprecis><attscale Sync="TRUE">0</attscale></attr><attr><attrlabl Sync="TRUE">NOM_CAP</attrlabl><attalias Sync="TRUE">NOM_CAP</attalias><attrtype Sync="TRUE">String</attrtype><attwidth Sync="TRUE">40</attwidth><atprecis Sync="TRUE">0</atprecis><attscale Sync="TRUE">0</attscale></attr><attr><attrlabl Sync="TRUE">SUP_CONTIN</attrlabl><attalias Sync="TRUE">SUP_CONTIN</attalias><attrtype Sync="TRUE">Double</attrtype><attwidth Sync="TRUE">19</attwidth><atprecis Sync="TRUE">0</atprecis><attscale Sync="TRUE">0</attscale></attr><attr><attrlabl Sync="TRUE">SUP_INSULA</attrlabl><attalias Sync="TRUE">SUP_INSULA</attalias><attrtype Sync="TRUE">Double</attrtype><attwidth Sync="TRUE">19</attwidth><atprecis Sync="TRUE">0</atprecis><attscale Sync="TRUE">0</attscale></attr><attr><attrlabl Sync="TRUE">SUP_LACUST</attrlabl><attalias Sync="TRUE">SUP_LACUST</attalias><attrtype Sync="TRUE">Double</attrtype><attwidth Sync="TRUE">19</attwidth><atprecis Sync="TRUE">0</atprecis><attscale Sync="TRUE">0</attscale></attr><attr><attrlabl Sync="TRUE">SUP_INS_D</attrlabl><attalias Sync="TRUE">SUP_INS_D</attalias><attrtype Sync="TRUE">Double</attrtype><attwidth Sync="TRUE">19</attwidth><atprecis Sync="TRUE">0</atprecis><attscale Sync="TRUE">0</attscale></attr><attr><attrlabl Sync="TRUE">UBIGEO</attrlabl><attalias Sync="TRUE">UBIGEO</attalias><attrtype Sync="TRUE">String</attrtype><attwidth Sync="TRUE">6</attwidth><atprecis Sync="TRUE">0</atprecis><attscale Sync="TRUE">0</attscale></attr></detailed></eainfo><mdDateSt Sync="TRUE">20150409</mdDateSt><mdChar><CharSetCd value="004" Sync="TRUE"></CharSetCd></mdChar></metadata>
